{
  "project_info": {
    "project_number": "528815463409",
    "firebase_url": "https://unfaedah-app.firebaseio.com",
    "project_id": "unfaedah-app",
    "storage_bucket": "unfaedah-app.appspot.com"
  },
  "client": [
    {
      "client_info": {
        "mobilesdk_app_id": "1:528815463409:android:0ac80fe59195ff5e",
        "android_client_info": {
          "package_name": "com.novalnvall.memeunfaedah"
        }
      },
      "oauth_client": [
        {
          "client_id": "528815463409-8i2ve4hnrtpbnvb52gau1mu6600eceib.apps.googleusercontent.com",
          "client_type": 3
        }
      ],
      "api_key": [
        {
          "current_key": "AIzaSyA5swqN31Hgw331HryRtIFJivOr01mGTPg"
        }
      ],
      "services": {
        "appinvite_service": {
          "other_platform_oauth_client": [
            {
              "client_id": "528815463409-8i2ve4hnrtpbnvb52gau1mu6600eceib.apps.googleusercontent.com",
              "client_type": 3
            }
          ]
        }
      },
      "admob_app_id": "ca-app-pub-8902386250185516~1540516145"
    }
  ],
  "configuration_version": "1"
}